<application>
  <component name="com.intellij.ide.ui.customization.CustomActionsSchema">
    <group value="GuiDesigner.MainToolbarActions" is_group="true" action_type="-1" position="21">
      <path value="root" />
      <path value="Main Toolbar" />
      <option name="myInitialPosition" value="-1" />
    </group>
    <group value="MaterialTheme.Components" is_group="true" action_type="-1" position="20">
      <path value="root" />
      <path value="Main Toolbar" />
      <option name="myInitialPosition" value="-1" />
    </group>
    <group value="MaterialTheme.Accents" is_group="true" action_type="-1" position="19">
      <path value="root" />
      <path value="Main Toolbar" />
      <option name="myInitialPosition" value="-1" />
    </group>
  </component>
</application>