<application>
  <component name="MaterialThemeConfig">
    <option name="compactStatusBar" value="true" />
    <option name="contrastMode" value="true" />
    <option name="highContrast" value="true" />
    <option name="allowDataCollection" value="true" />
    <option name="compactDropdowns" value="true" />
    <option name="isCompactStatusBar" value="true" />
    <option name="isContrastMode" value="true" />
    <option name="isHighContrast" value="true" />
    <option name="isWizardShown" value="true" />
    <option name="pristineConfig" value="false" />
    <option name="tabsHeight" value="42" />
    <option name="accentColor" value="009688" />
    <option name="userId" value="-1affc4ea:16a4887643a:-8000" />
    <option name="version" value="5.5.0" />
  </component>
</application>