<application>
  <component name="www.01pawn.tech.RainbowVariableSettings">
    <option name="darkColors">
      <array>
        <option value="a8e000" />
        <option value="70e000" />
        <option value="00e070" />
        <option value="00e0e0" />
        <option value="0070e0" />
        <option value="7000e0" />
        <option value="e000e0" />
        <option value="e00038" />
        <option value="ff3300" />
        <option value="ffcc00" />
        <option value="ccff66" />
        <option value="66ff66" />
        <option value="00ffcc" />
        <option value="0066ff" />
        <option value="4d4dff" />
        <option value="9933ff" />
      </array>
    </option>
  </component>
</application>