<application>
  <component name="GitRememberedInputs">
    <option name="visitedUrls">
      <list>
        <UrlAndUserName>
          <option name="url" value="https://bitbucket.bradesco.com.br:8443/scm/cmbio/agex-srv-permissao-canais-cliente.git" />
          <option name="userName" value="" />
        </UrlAndUserName>
        <UrlAndUserName>
          <option name="url" value="ssh://git@bitbucket.bradesco.com.br:7999/cmbio/agex-srv-permissao-canais-cliente.git" />
          <option name="userName" value="" />
        </UrlAndUserName>
        <UrlAndUserName>
          <option name="url" value="http://bitbucket.bradesco.com.br:8443" />
          <option name="userName" value="m224531" />
        </UrlAndUserName>
      </list>
    </option>
    <option name="cloneParentDir" value="C:\Developer\AGEX\git" />
  </component>
</application>