<application>
  <component name="GitRememberedInputs">
    <option name="visitedUrls">
      <list>
        <UrlAndUserName>
          <option name="url" value="https://bitbucket.bradesco.com.br:8443/scm/cmbio/agex-srv-permissao-canais-cliente.git" />
          <option name="userName" value="" />
        </UrlAndUserName>
        <UrlAndUserName>
          <option name="url" value="ssh://git@bitbucket.bradesco.com.br:7999/cmbio/agex-srv-permissao-canais-cliente.git" />
          <option name="userName" value="" />
        </UrlAndUserName>
        <UrlAndUserName>
          <option name="url" value="http://bitbucket.bradesco.com.br:8443" />
          <option name="userName" value="m224531" />
        </UrlAndUserName>
      </list>
    </option>
    <option name="cloneParentDir" value="C:\Developer\AGEX\git" />
  </component>
  <component name="Vcs.Log.App.Settings">
    <option name="COLUMN_ID_ORDER">
      <list>
        <option value="Default.Root" />
        <option value="Default.Subject" />
        <option value="Default.Author" />
        <option value="Default.Date" />
      </list>
    </option>
  </component>
</application>